{"cameraMode":{"drawMode":0,"name":"Shaded","section":"Shading Mode"},"sceneLighting":false,"audioPlay":false,"sceneViewState":{"m_AlwaysRefresh":false,"showFog":true,"showSkybox":false,"showFlares":true,"showImageEffects":true,"showParticleSystems":true,"showVisualEffectGraphs":true,"m_FxEnabled":true},"in2DMode":false,"pivot":{"x":525.19873046875,"y":982.0818481445313,"z":16.261688232421876},"rotation":{"x":-0.01830620877444744,"y":0.015593888238072396,"z":-0.00028558840858750045,"w":-0.9997122883796692},"size":1176.3961181640625,"orthographic":false}