{"cameraMode":{"drawMode":0,"name":"Shaded","section":"Shading Mode"},"sceneLighting":false,"audioPlay":false,"sceneViewState":{"m_AlwaysRefresh":false,"showFog":true,"showSkybox":false,"showFlares":true,"showImageEffects":true,"showParticleSystems":true,"showVisualEffectGraphs":true,"m_FxEnabled":true},"in2DMode":false,"pivot":{"x":-0.03123180940747261,"y":0.03455302119255066,"z":0.009004592895507813},"rotation":{"x":0.11523741483688355,"y":-0.010135638527572155,"z":0.0011759086046367884,"w":0.993285596370697},"size":1.1398710012435914,"orthographic":true}