{"cameraMode":{"drawMode":0,"name":"Shaded","section":"Shading Mode"},"sceneLighting":false,"audioPlay":false,"sceneViewState":{"m_AlwaysRefresh":false,"showFog":true,"showSkybox":false,"showFlares":true,"showImageEffects":true,"showParticleSystems":true,"showVisualEffectGraphs":true,"m_FxEnabled":true},"in2DMode":false,"pivot":{"x":-0.04937222599983215,"y":0.9776988625526428,"z":0.435927152633667},"rotation":{"x":-0.0898176059126854,"y":0.09010441601276398,"z":-0.008159526623785496,"w":-0.9918420910835266},"size":0.8668609857559204,"orthographic":false}